Date,Waste_Type,Temperature,Moisture_Content,pH_Level,Oxygen_Level,Carbon_Nitrogen_Ratio,Nitrogen_Content,Potassium_Content,Phosphorus_Content,Ambient_Humidity,Ambient_Temperature,Waste_Height,Particle_Size,Bulk_Density,Final_Volume_Reduction,Odor_Level,Decomposition_Rate,Time_Elapsed,Maturity_Index,Turning_Frequency
2024-03-11,BROWN,65.0,44.94,7.06,10.87,28.86,1.5,1.49,0.95,66.56,25.64,146.28,12.24,375.42,1.045972,3.07,1.42,73.66,8.0,3.2
2024-03-12,BROWN,65.0,43.96,7.09,9.2,27.47,1.58,0.5,0.96,70.0,35.0,90.0,37.87,372.03,0.5814,2.43,1.5,38.76,5.3759999999999994,3.68
2024-03-13,BROWN,65.0,44.15,7.25,13.11,28.04,1.5,1.27,0.34,65.15,35.0,139.08,46.76,541.99,0.789944,2.6,1.52,51.97,6.7170000000000005,5.88
2024-03-14,BROWN,57.15,42.99,7.45,9.52,28.51,1.5,0.93,0.98,70.0,25.88,127.4,7.42,448.96,1.2362700000000002,5.0,1.45,85.26,8.0,4.42
2024-03-15,BROWN,65.0,43.74,7.19,6.16,25.16,1.5,0.99,0.33,62.5,35.0,104.13,38.29,393.25,1.01205,2.37,1.5,67.47,8.0,4.12
2024-03-16,MIXED,58.88,54.84,7.53,12.52,27.12,1.78,1.33,0.44,55.87,31.4,136.8,25.69,301.9,0.906003,3.59,1.97,45.99,6.569,3.92
2024-03-17,BROWN,60.65,41.77,6.96,9.64,28.92,1.54,1.26,0.69,53.92,35.0,105.31,38.41,338.21,1.0925550000000002,3.2,1.35,80.93,8.0,3.43
2024-03-18,MIXED,60.04,53.26,6.56,6.46,27.36,1.77,1.5,0.65,46.82,32.28,131.71,29.88,491.4,1.127026,3.68,2.06,54.71,7.531000000000001,6.56
2024-03-19,MIXED,56.98,54.07,8.0,15.0,25.21,1.81,0.54,0.37,55.94,28.2,98.69,6.29,373.59,1.989,1.32,2.21,90.0,8.0,3.47
2024-03-20,BROWN,65.0,43.38,7.39,6.91,26.69,1.5,1.1,0.3,49.41,35.0,105.84,31.81,397.07,0.5549310000000001,4.19,1.53,36.27,5.157,6.44
2024-03-21,GREEN,60.57,60.0,6.57,14.53,25.9,1.98,0.79,0.87,63.35,32.54,146.34,33.09,444.05,2.087448,1.0,2.64,79.07,8.0,5.34
2024-03-22,BROWN,65.0,43.62,7.49,8.9,25.33,1.52,1.2,0.88,60.02,32.01,113.2,11.34,504.74,0.6365940000000001,3.55,1.61,39.54,5.564,6.56
2024-03-23,GREEN,61.25,60.0,7.5,10.07,27.89,2.0,0.93,0.43,70.0,35.0,136.57,39.45,611.09,1.5845760000000002,3.98,2.52,62.88,8.0,3.61
2024-03-24,BROWN,64.82,42.63,7.57,6.49,27.03,1.5,0.61,1.0,66.59,19.73,143.7,27.78,463.54,1.00221,3.95,1.65,60.74,7.724,3.64
2024-03-25,GREEN,58.73,60.0,7.48,13.34,28.53,1.98,0.71,0.43,70.0,35.0,139.5,46.36,532.75,1.6318499999999998,1.31,2.53,64.5,8.0,3.38
2024-03-26,MIXED,62.41,54.6,7.72,8.49,27.54,1.8,0.97,0.81,61.55,21.79,117.35,18.83,488.07,0.849856,2.12,1.96,43.36,6.296,3.51
2024-03-27,BROWN,65.0,42.89,7.08,13.27,28.28,1.54,0.81,0.3,70.0,18.44,139.89,35.42,452.16,0.9379500000000001,3.28,1.69,55.5,7.24,3.33
2024-03-28,GREEN,56.06,60.0,6.72,10.63,25.66,2.0,0.63,0.7,61.94,35.0,113.95,37.99,533.49,2.055759,3.59,2.33,88.23,8.0,4.49
2024-03-29,MIXED,64.96,54.42,7.26,13.59,25.87,1.83,0.59,0.81,66.13,32.69,141.62,33.61,635.3,0.7478130000000001,3.37,1.87,39.99,5.869,6.76
2024-03-30,MIXED,65.0,53.34,7.02,10.58,25.33,1.79,0.87,0.52,62.1,28.33,150.0,13.35,503.16,1.3454149999999998,1.66,2.05,65.63,8.0,5.05
2024-03-31,BROWN,65.0,44.35,7.95,5.78,26.97,1.5,0.82,0.97,67.89,17.74,113.09,44.65,329.32,0.435,2.74,1.45,30.0,4.45,4.68
2024-04-01,BROWN,56.57,46.5,6.91,6.75,27.42,1.5,1.06,0.6,46.34,35.0,106.85,14.57,451.5,0.8106749999999999,1.0,1.35,60.05,7.355,5.98
2024-04-02,BROWN,59.25,43.98,7.78,8.94,29.8,1.5,1.4,0.39,43.99,30.21,129.57,18.63,379.23,1.137084,4.35,1.48,76.83,8.0,5.79
2024-04-03,BROWN,65.0,45.13,6.77,8.14,26.54,1.54,0.5,1.0,70.0,24.15,94.73,31.57,337.54,1.27746,4.37,1.51,84.6,8.0,5.94
2024-04-04,MIXED,52.18,57.7,7.0,5.46,26.55,1.82,1.27,0.67,62.53,33.63,134.49,9.24,586.64,1.3345799999999999,3.55,1.95,68.44,8.0,5.89
2024-04-05,GREEN,65.0,60.0,7.29,12.47,28.26,2.0,1.11,0.36,48.75,35.0,120.15,26.0,499.43,0.9648270000000001,4.23,2.37,40.71,6.441,3.73
2024-04-06,MIXED,55.69,53.53,7.51,8.11,28.52,1.8,1.13,0.43,48.84,24.04,142.9,18.25,359.76,1.3579860000000001,3.09,1.86,73.01,8.0,4.72
2024-04-07,BROWN,65.0,44.03,6.67,13.12,26.88,1.5,1.3,0.93,70.0,17.74,107.18,39.25,624.69,1.118692,2.73,1.49,75.08,8.0,5.02
2024-04-08,GREEN,64.24,60.0,6.55,12.46,28.69,2.0,1.09,0.67,64.16,30.8,93.2,10.47,536.09,1.39434,2.77,2.55,54.68,8.0,4.54
2024-04-09,MIXED,53.9,53.93,7.73,14.45,27.98,1.82,0.98,0.45,70.0,28.58,134.25,23.03,610.07,1.0684479999999998,1.22,1.93,55.36,7.465999999999999,3.25
2024-04-10,MIXED,58.53,54.98,7.52,11.4,27.61,1.8,1.13,0.3,64.04,35.0,94.99,7.47,355.98,1.6173009999999999,1.38,2.17,74.53,8.0,5.0
2024-04-11,BROWN,63.58,45.6,7.93,11.63,29.18,1.51,1.19,0.52,57.2,28.71,120.75,23.02,421.01,0.5177339999999999,1.58,1.47,35.22,4.992,5.21
2024-04-12,MIXED,65.0,53.85,7.03,7.51,28.54,1.86,0.56,0.39,59.51,27.24,121.39,6.13,429.03,1.667804,4.08,2.12,78.67,8.0,5.37
2024-04-13,BROWN,65.0,42.78,7.31,7.89,28.99,1.55,1.2,0.6,55.78,18.2,113.51,19.84,386.87,0.57648,2.98,1.6,36.03,5.203,6.07
2024-04-14,GREEN,65.0,60.0,6.63,9.42,30.0,2.0,1.06,0.82,70.0,24.59,148.93,33.78,369.49,1.3850280000000001,2.48,2.37,58.44,8.0,3.74
2024-04-15,MIXED,65.0,56.4,7.5,12.01,27.41,1.77,1.44,0.65,70.0,24.28,114.28,37.91,528.93,0.894169,3.85,1.93,46.33,6.563,3.65
2024-04-16,MIXED,58.36,55.38,7.08,6.96,25.32,1.8,1.01,0.42,53.98,24.63,98.18,17.43,576.03,1.130749,2.05,2.11,53.59,7.468999999999999,3.1
2024-04-17,GREEN,65.0,60.0,7.62,13.95,27.73,2.0,1.09,0.46,59.61,35.0,122.86,11.61,531.58,0.849405,1.0,2.55,33.31,5.881,5.61
2024-04-18,MIXED,56.94,54.43,7.84,7.31,28.19,1.81,0.7,0.34,63.11,26.31,128.67,25.12,447.95,0.737795,1.45,2.05,35.99,5.649,5.2
2024-04-19,MIXED,55.0,56.1,7.22,5.0,28.5,1.8,0.69,0.52,61.6,26.32,123.15,50.0,453.73,1.011414,4.76,2.02,50.07,7.026999999999999,6.97
2024-04-20,MIXED,65.0,53.25,7.47,8.58,27.13,1.82,1.5,0.84,70.0,35.0,127.96,27.89,574.42,1.5044890000000002,1.13,1.97,76.37,8.0,4.98
2024-04-21,GREEN,65.0,60.0,6.96,10.32,26.69,1.99,0.92,0.94,70.0,24.19,113.83,23.75,451.53,1.164996,3.04,2.52,46.23,7.142999999999999,7.0
2024-04-22,MIXED,65.0,55.02,7.86,14.54,28.6,1.78,0.8,0.79,48.78,33.12,126.75,20.93,340.64,0.679932,4.6,1.87,36.36,5.506,3.99
2024-04-23,GREEN,65.0,60.0,7.18,11.76,25.81,1.98,1.43,0.72,64.78,31.63,93.82,14.87,472.5,0.9055799999999999,3.93,2.6,34.83,6.083,5.14
2024-04-24,BROWN,61.84,45.38,7.76,14.9,29.63,1.5,0.58,0.58,62.9,32.65,143.87,46.82,461.56,1.02705,2.82,1.5,68.47,8.0,5.2
2024-04-25,MIXED,65.0,55.81,7.35,10.41,26.54,1.8,1.49,0.43,67.42,32.18,110.43,29.35,558.49,0.558,2.73,1.86,30.0,4.86,4.29
2024-04-26,MIXED,62.31,53.32,6.99,9.4,27.92,1.79,1.43,0.62,48.96,35.0,127.14,32.72,592.49,0.905256,1.68,1.98,45.72,6.552,5.97
2024-04-27,BROWN,61.08,44.32,7.2,7.81,28.81,1.5,0.72,0.35,61.84,30.9,92.66,19.76,510.06,0.991743,2.37,1.27,78.09,8.0,6.54
2024-04-28,MIXED,65.0,55.08,7.83,5.0,28.25,1.74,1.5,0.55,67.51,31.23,107.92,31.51,357.56,1.053312,1.0,2.08,50.64,7.144,4.35
2024-04-29,BROWN,64.02,42.66,6.92,13.56,27.36,1.54,0.87,0.87,55.28,35.0,90.0,15.97,300.0,1.053906,3.0,1.61,65.46,8.0,5.65
2024-04-30,GREEN,63.03,60.0,7.71,10.37,27.05,1.99,1.38,0.55,51.67,35.0,97.92,12.38,590.74,0.855315,4.85,2.29,37.35,6.025,6.41
2024-05-01,BROWN,65.0,44.7,6.54,10.88,27.34,1.52,0.8,0.5,55.61,19.03,130.32,30.58,631.3,0.441,1.76,1.47,30.0,4.47,6.87
2024-05-02,BROWN,59.92,44.06,8.0,9.22,29.18,1.5,1.05,0.93,44.42,22.54,112.92,29.88,316.83,0.9185119999999999,4.64,1.39,66.08,7.997999999999999,4.39
2024-05-03,GREEN,65.0,60.0,7.9,10.57,25.32,2.0,0.98,0.82,56.07,28.08,111.68,36.73,305.92,1.9946640000000002,2.37,2.48,80.43,8.0,5.14
2024-05-04,GREEN,65.0,60.0,6.79,14.03,25.12,2.0,0.93,0.44,49.54,23.25,129.3,37.34,599.42,0.9427319999999999,2.8,2.52,37.41,6.260999999999999,3.44
2024-05-05,BROWN,65.0,44.49,7.0,11.4,27.52,1.5,1.07,0.75,51.34,19.55,138.44,12.98,300.0,0.548401,4.34,1.57,34.93,5.063,5.88
2024-05-06,MIXED,56.68,53.61,7.65,11.53,27.15,1.83,0.98,0.54,53.59,27.46,102.04,42.97,344.14,1.6027460000000002,1.0,1.99,80.54,8.0,3.0
2024-05-07,GREEN,63.25,60.0,7.46,6.97,28.78,2.0,0.77,0.33,53.65,18.92,107.28,13.84,498.31,1.834122,3.37,2.58,71.09,8.0,3.17
2024-05-08,BROWN,61.45,43.57,7.26,8.22,25.92,1.52,0.77,0.94,67.52,30.37,107.17,16.77,454.6,1.112544,4.41,1.44,77.26,8.0,4.08
2024-05-09,MIXED,65.0,54.3,6.65,9.66,27.35,1.82,0.56,0.94,70.0,34.31,141.88,14.63,390.51,1.509415,4.4,2.05,73.63,8.0,6.06
2024-05-10,BROWN,63.47,45.21,7.71,13.52,28.94,1.52,1.19,0.72,68.64,35.0,145.84,42.61,516.75,1.439876,2.37,1.79,80.44,8.0,3.78
2024-05-11,BROWN,65.0,44.57,7.39,14.17,27.62,1.5,0.91,0.74,70.0,32.1,109.83,24.17,464.51,0.48525000000000007,5.0,1.5,32.35,4.735,3.34
2024-05-12,GREEN,64.64,60.0,7.77,13.1,25.15,2.0,0.99,0.62,45.72,33.48,138.67,34.11,415.07,0.965796,2.89,2.46,39.26,6.385999999999999,4.83
2024-05-13,GREEN,64.75,60.0,6.51,14.11,29.25,1.98,0.83,0.95,50.82,27.49,106.97,24.32,461.02,2.2608960000000002,3.46,2.64,85.64,8.0,3.37
2024-05-14,BROWN,57.09,45.01,7.33,5.95,25.96,1.5,1.23,0.65,47.4,35.0,92.85,22.51,575.83,0.9029020000000001,3.75,1.54,58.63,7.4030000000000005,5.26
2024-05-15,MIXED,65.0,55.99,6.91,6.11,25.61,1.8,0.69,0.53,63.46,23.22,103.38,44.06,644.95,1.4853629999999998,3.6,2.09,71.07,8.0,7.0
2024-05-16,GREEN,65.0,60.0,7.68,10.95,26.64,2.0,1.16,0.41,56.3,22.36,131.74,29.59,625.1,0.762,4.68,2.54,30.0,5.54,6.39
2024-05-17,MIXED,65.0,56.82,7.95,14.84,25.83,1.8,1.46,0.39,56.04,24.38,125.21,16.46,473.71,1.1230799999999999,1.74,2.1,53.48,7.448,6.16
2024-05-18,GREEN,65.0,60.0,7.05,10.31,25.48,2.0,1.25,0.72,52.04,31.95,129.26,44.35,620.27,1.2447510000000002,4.13,2.49,49.99,7.489000000000001,4.0
2024-05-19,BROWN,55.53,44.96,6.56,9.0,25.4,1.5,1.0,0.97,55.34,27.33,130.26,16.34,642.33,1.2081510000000002,1.24,1.51,80.01,8.0,4.61
2024-05-20,BROWN,65.0,44.14,7.51,11.14,25.0,1.5,0.77,1.0,50.95,21.66,91.89,34.81,514.74,1.0752709999999999,4.57,1.51,71.21,8.0,7.0
2024-05-21,GREEN,54.23,60.0,6.5,8.11,26.91,1.96,1.19,0.47,46.21,23.59,135.37,46.98,331.13,1.326377,2.14,2.57,51.61,7.731,4.55
2024-05-22,MIXED,65.0,55.27,7.56,6.07,27.65,1.78,1.04,0.45,48.73,29.89,106.34,29.37,544.56,1.4656900000000002,1.31,2.06,71.15,8.0,3.7
2024-05-23,BROWN,65.0,43.42,7.54,11.48,26.99,1.51,0.93,0.34,55.36,35.0,107.0,40.09,436.73,1.296,1.51,1.44,90.0,8.0,3.84
2024-05-24,MIXED,61.31,53.86,7.72,13.93,27.46,1.79,1.5,0.36,52.38,31.6,96.27,21.24,501.63,1.03679,3.98,1.99,52.1,7.2,5.94
2024-05-25,BROWN,62.32,44.32,7.29,6.73,25.82,1.53,1.21,1.0,70.0,35.0,121.77,5.0,359.11,1.0983580000000002,3.29,1.46,75.23,8.0,6.26
2024-05-26,MIXED,58.27,56.34,6.5,6.11,25.87,1.79,0.89,0.69,70.0,24.54,120.07,5.03,549.92,1.497294,2.96,1.93,77.58,8.0,4.18
2024-05-27,MIXED,65.0,54.35,7.35,13.89,28.57,1.82,1.08,0.64,56.84,35.0,119.84,28.55,627.41,1.5512160000000004,3.9,2.04,76.04,8.0,7.0
2024-05-28,GREEN,65.0,60.0,7.68,5.55,29.19,1.99,0.6,0.37,52.82,35.0,121.12,45.67,479.09,1.2508080000000001,2.7,2.47,50.64,7.534000000000001,4.77
2024-05-29,GREEN,65.0,60.0,6.5,8.38,28.82,1.98,0.97,0.86,60.56,30.91,126.12,44.91,332.32,0.735904,3.7,2.44,30.16,5.4559999999999995,5.86
2024-05-30,BROWN,65.0,45.41,7.9,6.94,29.61,1.52,1.47,0.52,52.34,35.0,120.32,24.67,347.55,0.501296,1.49,1.52,32.98,4.818,6.67
2024-05-31,GREEN,65.0,60.0,6.73,10.57,28.42,1.99,1.32,0.51,56.63,35.0,120.72,35.62,648.13,1.4073120000000001,2.26,2.61,53.92,8.0,5.08
2024-06-01,MIXED,65.0,40.89,6.77,5.7,28.75,1.8,1.48,0.37,42.09,35.0,113.9,8.13,645.47,1.2802719999999999,1.27,1.96,65.32,8.0,5.92
2024-06-02,GREEN,65.0,48.1,6.99,8.68,28.27,1.99,0.6,0.39,48.86,35.0,141.26,28.64,650.0,2.050434,2.25,2.43,84.38,8.0,4.34
2024-06-03,BROWN,65.0,40.0,7.65,5.95,26.15,1.51,0.6,0.96,46.01,25.28,119.04,37.17,398.09,0.542736,1.58,1.44,37.69,5.209,6.38
2024-06-04,BROWN,65.0,40.0,7.02,10.04,26.76,1.5,0.55,0.38,51.87,24.04,123.47,10.05,487.73,0.6080000000000001,2.72,1.6,38.0,5.4,4.56
2024-06-05,BROWN,65.0,40.0,6.72,11.64,26.53,1.53,1.44,0.65,52.39,35.0,136.02,18.52,598.99,0.666864,4.2,1.44,46.31,6.071,4.02
2024-06-06,GREEN,65.0,49.32,7.97,5.02,28.82,1.97,1.46,0.68,48.0,35.0,107.19,39.46,337.62,1.67577,3.35,2.49,67.3,8.0,6.03
2024-06-07,GREEN,65.0,46.47,7.01,6.88,29.74,2.0,0.87,0.69,48.86,35.0,126.66,46.02,433.08,1.428504,1.64,2.64,54.11,8.0,6.75
2024-06-08,MIXED,65.0,40.32,7.71,13.5,25.0,1.85,1.1,0.45,53.11,30.86,142.08,36.57,640.93,0.916395,2.77,1.99,46.05,6.595,6.61
2024-06-09,MIXED,65.0,40.0,7.74,6.56,27.16,1.8,1.39,0.44,47.2,35.0,131.57,47.6,439.56,0.8789,1.54,1.87,47.0,6.57,3.15
2024-06-10,MIXED,65.0,40.0,7.81,13.69,29.5,1.82,1.5,0.46,40.0,27.81,128.85,18.43,328.15,1.330652,1.82,2.14,62.18,8.0,6.39
2024-06-11,BROWN,65.0,40.0,7.47,13.51,27.04,1.5,1.4,0.51,51.63,35.0,141.07,27.33,597.7,0.654336,1.42,1.28,51.12,6.392,3.19
2024-06-12,MIXED,65.0,42.38,7.34,6.62,29.34,1.8,0.57,0.74,40.0,35.0,107.12,15.2,539.86,0.886346,2.38,1.99,44.54,6.444,3.96
2024-06-13,GREEN,65.0,46.17,6.82,10.15,28.38,2.0,1.3,0.53,52.84,30.16,94.57,48.9,310.43,0.7170000000000001,1.3,2.39,30.0,5.390000000000001,3.67
2024-06-14,GREEN,65.0,48.16,7.01,7.56,26.17,1.99,1.15,0.64,51.89,35.0,141.49,11.31,406.51,0.8923530000000001,4.37,2.31,38.63,6.173,4.05
2024-06-15,GREEN,65.0,47.56,7.26,13.03,25.56,2.0,1.38,0.64,40.0,24.1,107.84,17.79,446.87,1.5133960000000002,3.21,2.68,56.47,8.0,3.14
2024-06-16,MIXED,65.0,40.0,7.15,11.84,25.8,1.81,0.74,0.49,44.47,25.23,100.42,30.3,474.08,1.603303,4.14,1.79,89.57,8.0,4.38
2024-06-17,MIXED,65.0,40.27,6.57,8.31,29.74,1.79,0.86,0.42,52.17,30.29,90.0,34.67,529.25,1.3378079999999999,1.05,1.88,71.16,8.0,4.87
2024-06-18,MIXED,65.0,40.43,6.88,15.0,29.11,1.78,1.3,0.34,40.0,29.26,98.99,41.69,329.08,1.682774,3.44,1.97,85.42,8.0,4.68
2024-06-19,GREEN,65.0,48.39,6.8,10.34,29.22,2.0,1.18,0.84,40.0,35.0,133.8,10.65,498.49,0.7625519999999999,2.37,2.38,32.04,5.584,3.81
2024-06-20,BROWN,65.0,40.0,6.52,11.2,27.07,1.5,1.0,0.57,46.67,31.8,124.18,19.52,509.85,0.576072,1.4,1.26,45.72,5.832,5.31
2024-06-21,GREEN,65.0,47.75,7.53,8.61,29.26,2.0,1.14,0.4,43.73,35.0,98.39,48.0,650.0,2.271687,2.3,2.53,89.79,8.0,5.92
2024-06-22,GREEN,65.0,48.18,7.8,11.09,25.89,2.0,1.08,0.81,40.0,23.44,146.89,45.61,484.23,1.7392239999999999,5.0,2.48,70.13,8.0,3.0
2024-06-23,MIXED,65.0,40.03,7.45,8.64,27.93,1.83,1.21,0.52,40.0,35.0,133.72,25.76,646.92,0.7766299999999999,1.23,1.85,41.98,6.048,5.61
2024-06-24,GREEN,65.0,47.35,7.26,8.86,29.06,1.95,1.44,0.72,47.27,35.0,99.4,5.81,530.65,1.191888,2.78,2.48,48.06,7.286,6.75
2024-06-25,BROWN,65.0,40.0,7.55,5.09,29.88,1.51,1.03,0.75,40.0,35.0,107.05,50.0,511.8,1.35128,3.38,1.52,88.9,8.0,3.89
2024-06-26,MIXED,65.0,40.0,7.16,6.59,29.81,1.82,0.75,0.53,55.34,28.44,117.72,31.78,328.17,0.860924,4.13,2.02,42.62,6.282,4.08
2024-06-27,BROWN,65.0,40.0,7.35,13.92,29.24,1.52,0.91,0.48,52.3,35.0,110.69,11.49,527.43,1.194622,2.35,1.43,83.54,8.0,5.86
2024-06-28,BROWN,65.0,40.0,7.53,7.43,28.07,1.5,0.85,0.88,55.46,34.59,104.91,45.31,628.67,0.71111,4.3,1.78,39.95,5.775,6.42
2024-06-29,MIXED,65.0,40.76,6.6,13.09,28.96,1.74,0.5,1.0,41.51,35.0,123.12,33.58,439.76,0.7129979999999999,3.15,1.98,36.01,5.5809999999999995,4.48
2024-06-30,BROWN,65.0,40.0,7.13,12.62,29.51,1.5,0.63,0.9,42.38,35.0,98.31,46.29,400.08,0.9473600000000001,1.02,1.55,61.12,7.662,5.34
2024-07-01,MIXED,65.0,40.0,7.43,13.7,25.93,1.78,1.15,0.44,40.0,27.52,108.85,47.37,512.61,0.860825,2.98,1.75,49.19,6.669,3.33
2024-07-02,BROWN,65.0,40.0,8.0,12.3,26.88,1.5,1.43,0.32,40.0,35.0,126.14,26.84,335.03,1.203984,3.38,1.44,83.61,8.0,3.44
2024-07-03,GREEN,65.0,48.87,7.54,5.99,26.49,1.99,1.17,0.85,40.0,28.69,96.54,5.0,500.26,0.9079999999999999,4.79,2.5,36.32,6.132,3.9
2024-07-04,MIXED,65.0,40.0,6.91,6.49,26.86,1.79,0.5,0.37,52.43,34.16,144.91,8.38,326.56,1.7111850000000002,4.92,2.15,79.59,8.0,5.98
2024-07-05,GREEN,65.0,48.82,7.15,10.65,28.24,1.98,1.32,0.7,51.16,35.0,118.04,40.21,620.29,1.8026579999999999,1.74,2.42,74.49,8.0,5.87
2024-07-06,BROWN,65.0,40.0,7.61,9.18,25.49,1.51,0.54,0.95,40.0,33.11,99.4,7.2,543.54,0.78475,4.91,1.46,53.75,6.835,5.55
2024-07-07,GREEN,65.0,46.64,6.94,12.62,25.28,1.99,0.63,0.33,40.0,35.0,90.0,44.77,513.57,0.753,1.07,2.51,30.0,5.51,6.07
2024-07-08,MIXED,65.0,40.07,7.37,5.0,25.0,1.84,0.7,0.74,47.43,28.39,119.32,45.14,650.0,0.6299819999999999,1.7,1.86,33.87,5.247,3.51
2024-07-09,BROWN,65.0,40.0,8.0,11.9,26.69,1.5,1.19,0.51,54.05,35.0,94.83,10.08,478.98,1.112556,1.88,1.39,80.04,8.0,3.77
2024-07-10,MIXED,65.0,42.14,7.44,6.78,26.58,1.79,0.76,0.81,40.0,34.02,137.83,39.86,479.25,1.385865,4.73,2.07,66.95,8.0,5.7
2024-07-11,GREEN,65.0,48.3,7.37,11.98,25.86,2.0,1.01,0.71,40.0,35.0,125.48,47.09,324.42,1.80775,1.47,2.5,72.31,8.0,6.71
2024-07-12,GREEN,65.0,48.47,7.06,13.45,25.68,1.98,1.05,0.99,47.01,35.0,101.87,38.13,309.0,1.1879790000000001,2.44,2.49,47.71,7.261,5.54
2024-07-13,BROWN,65.0,40.0,7.24,11.27,29.59,1.5,1.4,0.75,40.0,35.0,106.53,29.32,435.54,1.1958859999999998,1.02,1.46,81.91,8.0,6.08
2024-07-14,MIXED,65.0,40.0,7.67,9.72,29.3,1.8,0.92,0.33,40.0,35.0,135.89,42.69,623.56,1.1971999999999998,4.87,2.05,58.4,7.89,6.06
2024-07-15,GREEN,65.0,47.96,7.07,10.48,27.78,1.99,0.64,0.77,41.84,23.96,137.83,44.12,514.75,1.426775,4.66,2.63,54.25,8.0,6.43
2024-07-16,BROWN,65.0,40.0,7.09,5.0,27.94,1.52,0.89,0.82,43.38,35.0,124.63,12.86,470.18,1.22478,2.65,1.49,82.2,8.0,4.22
2024-07-17,GREEN,65.0,48.11,7.04,7.05,27.49,1.98,0.84,0.91,40.0,33.04,140.06,11.78,539.41,1.552328,2.57,2.44,63.62,8.0,4.03
2024-07-18,BROWN,65.0,40.0,7.35,7.99,27.84,1.5,0.77,0.88,45.24,35.0,117.27,22.98,390.84,0.8832639999999999,2.16,1.48,59.68,7.448,3.4
2024-07-19,GREEN,65.0,48.02,6.95,11.88,28.47,2.0,0.9,0.71,40.0,35.0,94.51,20.84,333.29,1.3070840000000001,2.92,2.54,51.46,7.686,3.29
2024-07-20,GREEN,65.0,48.26,7.65,9.14,25.98,1.99,1.28,0.45,40.0,35.0,132.01,36.12,601.44,1.23576,1.61,2.71,45.6,7.2700000000000005,5.05
2024-07-21,GREEN,65.0,47.32,6.94,13.03,26.92,1.96,0.66,0.3,48.77,35.0,132.28,18.3,605.38,1.278625,5.0,2.65,48.25,7.475,6.31
2024-07-22,GREEN,65.0,47.06,6.91,12.64,28.51,2.0,1.36,0.97,46.15,35.0,103.1,13.59,628.66,1.8064620000000002,4.96,2.43,74.34,8.0,4.42
2024-07-23,BROWN,65.0,40.0,7.76,13.93,25.25,1.55,1.5,0.5,40.0,34.15,132.42,7.91,328.89,0.9159480000000001,1.94,1.32,69.39,8.0,5.15
2024-07-24,GREEN,65.0,46.42,6.77,8.02,27.83,1.94,0.65,0.66,40.0,35.0,144.87,36.84,482.22,2.395176,2.83,2.69,89.04,8.0,6.01
2024-07-25,GREEN,65.0,47.7,7.36,12.18,28.03,2.0,0.96,0.74,40.0,35.0,102.52,40.16,336.69,0.9633359999999999,1.61,2.67,36.08,6.278,4.96
2024-07-26,MIXED,65.0,40.44,7.56,13.27,25.53,1.83,1.09,0.84,47.72,33.72,143.23,9.59,564.48,1.2204000000000002,4.31,2.0,61.02,8.0,4.52
2024-07-27,BROWN,65.0,40.0,8.0,7.55,28.33,1.5,1.35,0.32,52.19,31.17,116.98,7.55,605.53,1.415486,3.51,1.73,81.82,8.0,3.92
2024-07-28,BROWN,65.0,40.0,7.34,13.56,25.67,1.5,0.53,0.99,40.0,35.0,125.08,44.98,374.39,0.7199679999999999,3.37,1.51,47.68,6.278,5.32
2024-07-29,GREEN,65.0,47.24,6.66,5.61,27.75,2.0,1.42,0.73,51.08,28.14,122.74,49.42,393.19,2.242816,1.29,2.56,87.61,8.0,4.23
2024-07-30,GREEN,65.0,46.49,7.41,11.07,26.38,2.0,1.29,0.81,44.86,35.0,131.91,45.85,331.37,1.096456,4.42,2.36,46.46,7.006,3.06
2024-07-31,MIXED,65.0,40.0,6.63,8.62,25.48,1.83,0.55,0.77,40.0,35.0,135.74,9.28,386.42,1.3396679999999999,5.0,1.99,67.32,8.0,5.33
2024-08-01,MIXED,65.0,40.0,7.28,7.32,28.23,1.79,0.7,0.35,40.0,35.0,109.67,42.22,399.59,1.4367480000000001,1.08,2.01,71.48,8.0,6.45
2024-08-02,MIXED,65.0,40.0,7.75,7.86,25.08,1.81,1.32,0.85,40.0,35.0,142.45,47.92,426.58,1.001476,2.2,1.88,53.27,7.207,5.55
2024-08-03,BROWN,65.0,40.0,7.92,8.26,27.93,1.52,1.04,0.56,40.0,35.0,112.2,8.62,364.97,1.1840400000000002,3.68,1.56,75.9,8.0,5.71
2024-08-04,GREEN,65.0,48.76,7.43,9.43,26.78,1.98,1.29,0.88,45.01,35.0,144.53,26.3,624.25,0.886746,4.2,2.58,34.37,6.0169999999999995,4.9
2024-08-05,MIXED,65.0,40.64,7.78,11.09,25.73,1.83,1.35,0.57,40.0,30.89,142.85,49.87,306.2,0.869814,2.59,1.98,43.93,6.372999999999999,6.82
2024-08-06,MIXED,65.0,40.05,6.69,13.28,27.56,1.8,0.96,0.49,54.21,35.0,137.55,7.99,378.51,1.1854259999999999,3.64,1.98,59.87,7.9670000000000005,5.64
2024-08-07,GREEN,65.0,48.8,6.64,7.69,27.85,1.97,0.85,0.82,40.71,35.0,90.0,20.44,504.3,1.380042,1.84,2.58,53.49,7.929,3.49
2024-08-08,MIXED,65.0,41.11,7.83,7.58,29.52,1.84,0.86,0.54,42.58,35.0,103.66,15.88,300.0,1.264156,2.44,2.12,59.63,8.0,6.72
2024-08-09,BROWN,65.0,40.0,7.67,6.45,25.08,1.51,1.32,1.0,44.47,35.0,101.51,29.09,630.53,0.5672429999999999,3.81,1.49,38.07,5.297,4.21
2024-08-10,BROWN,65.0,40.0,7.04,11.36,28.6,1.5,0.98,0.52,45.16,35.0,97.77,41.09,484.19,0.6850830000000001,2.8,1.33,51.51,6.481,6.16
2024-08-11,BROWN,65.0,40.0,6.82,13.54,27.73,1.52,1.5,0.8,54.84,35.0,98.62,5.0,620.25,0.876267,2.5,1.47,59.61,7.431,6.83
2024-08-12,GREEN,65.0,49.83,7.38,11.06,25.82,2.0,1.27,0.76,40.97,25.91,122.89,30.55,453.86,2.033152,2.67,2.56,79.42,8.0,6.94
2024-08-13,BROWN,65.0,40.0,6.99,11.95,28.53,1.55,1.14,0.99,48.62,30.23,108.58,48.49,407.83,0.649572,2.13,1.54,42.18,5.758,6.42
2024-08-14,GREEN,65.0,47.02,6.6,11.31,28.73,2.0,1.19,0.61,52.81,35.0,102.27,13.5,412.46,1.860157,4.9,2.47,75.31,8.0,4.87
2024-08-15,BROWN,65.0,40.0,7.06,5.74,29.01,1.5,0.82,0.57,51.8,35.0,90.0,20.91,364.89,0.67144,2.54,1.54,43.6,5.9,4.34
2024-08-16,GREEN,65.0,46.97,7.89,5.69,26.96,2.0,1.19,0.81,51.69,35.0,123.89,38.25,605.57,1.871904,4.42,2.48,75.48,8.0,3.12
2024-08-17,MIXED,65.0,40.17,6.69,11.95,27.29,1.81,0.94,0.87,40.0,35.0,101.27,41.87,461.98,0.80901,2.14,2.02,40.05,6.025,5.97
2024-08-18,MIXED,65.0,40.0,7.78,11.32,25.33,1.79,0.54,0.65,50.54,35.0,122.4,19.05,497.98,1.8060819999999997,4.87,2.02,89.41,8.0,3.32
2024-08-19,BROWN,65.0,40.0,6.64,8.09,28.55,1.5,0.8,0.79,40.0,31.8,121.61,34.27,403.73,0.889603,1.99,1.43,62.21,7.651,5.05
2024-08-20,BROWN,65.0,40.0,7.58,12.31,25.22,1.5,0.75,0.37,49.26,35.0,115.07,17.05,324.65,0.378972,4.72,1.21,31.32,4.3420000000000005,5.64
2024-08-21,BROWN,65.0,40.0,6.57,9.89,26.33,1.5,1.38,1.0,45.23,35.0,112.37,38.24,395.54,1.2469379999999999,1.84,1.54,80.97,8.0,3.22
2024-08-22,BROWN,65.0,40.0,6.88,5.53,25.6,1.51,0.83,0.46,40.0,24.66,98.46,43.83,650.0,1.3093800000000002,2.07,1.57,83.4,8.0,4.35
2024-08-23,GREEN,65.0,48.87,7.76,5.0,26.91,2.0,1.33,0.31,56.36,35.0,111.2,25.41,360.3,1.6472970000000005,2.87,2.43,67.79,8.0,4.96
2024-08-24,GREEN,65.0,46.85,7.14,8.72,26.29,1.97,0.79,0.7,40.0,22.72,128.63,10.67,571.03,0.9468,1.72,2.63,36.0,6.23,5.37
2024-08-25,GREEN,65.0,47.51,7.03,9.3,26.25,2.0,0.51,0.53,42.93,35.0,114.09,23.53,647.94,0.9073620000000001,3.89,2.43,37.34,6.164000000000001,4.22
2024-08-26,MIXED,65.0,40.0,7.22,9.72,25.4,1.81,1.01,0.34,44.08,25.92,118.05,11.62,375.05,1.5100299999999998,4.33,2.05,73.66,8.0,3.0
2024-08-27,MIXED,65.0,40.0,6.54,9.37,27.02,1.79,0.65,0.44,46.71,30.57,130.82,21.22,597.06,1.168512,1.62,2.04,57.28,7.768,4.86
2024-08-28,MIXED,65.0,40.0,7.13,11.14,25.22,1.75,0.97,0.45,54.15,27.25,147.23,36.36,397.89,0.62682,3.35,1.86,33.7,5.23,6.56
2024-08-29,GREEN,65.0,44.97,7.75,6.46,25.6,1.99,1.5,0.59,40.0,24.63,143.39,5.0,611.71,1.9352280000000002,4.25,2.49,77.72,8.0,3.49
2024-08-30,GREEN,65.0,47.55,6.85,5.64,25.72,1.99,0.81,0.64,40.0,35.0,93.16,13.52,363.72,1.686623,2.38,2.39,70.57,8.0,5.09
2024-08-31,GREEN,65.0,47.87,6.5,5.62,29.5,2.0,1.05,0.85,40.0,21.55,141.28,38.9,349.79,2.0813819999999996,4.83,2.63,79.14,8.0,4.47
2024-09-01,BROWN,53.65,41.36,7.25,5.28,29.79,1.55,0.89,0.34,56.66,30.51,98.24,19.24,300.0,0.7112099999999999,4.13,1.57,45.3,6.1,6.06
2024-09-02,BROWN,45.0,40.49,7.5,9.68,28.58,1.5,1.5,0.54,48.92,17.92,95.33,35.46,603.0,1.1773440000000002,4.33,1.44,81.76,8.0,6.95
2024-09-03,BROWN,45.0,42.08,7.3,7.69,27.38,1.54,0.84,0.73,57.53,19.52,131.5,12.91,534.54,1.0469160000000002,4.0,1.56,67.11,8.0,3.29
2024-09-04,BROWN,51.58,43.0,7.83,6.32,29.7,1.5,1.43,0.53,60.62,18.54,124.09,49.8,518.65,0.9663349999999999,4.71,1.57,61.55,7.725,5.23
2024-09-05,GREEN,53.73,59.2,7.0,5.14,25.75,1.99,0.82,0.54,46.15,20.99,126.99,34.44,480.94,1.6025399999999999,3.69,2.61,61.4,8.0,4.61
2024-09-06,GREEN,54.34,59.13,6.6,11.75,25.81,1.99,0.63,0.76,61.39,17.95,104.58,9.29,500.22,1.568004,3.43,2.46,63.74,8.0,6.81
2024-09-07,BROWN,49.07,41.53,7.15,15.0,30.0,1.53,1.07,0.56,66.2,17.18,108.27,12.38,469.01,0.59552,2.5,1.6,37.22,5.322,5.13
2024-09-08,GREEN,55.66,59.28,7.6,9.12,25.06,2.0,1.29,0.71,55.3,25.07,136.25,42.35,424.23,0.9849289999999999,1.1,2.53,38.93,6.423,6.98
2024-09-09,BROWN,45.0,41.39,6.72,11.01,26.92,1.51,0.95,0.81,53.03,18.96,111.13,10.94,475.66,1.0338509999999999,4.9,1.47,70.33,8.0,6.37
2024-09-10,MIXED,45.0,50.97,7.24,8.54,28.94,1.83,1.06,0.96,57.0,25.07,92.29,14.88,577.01,1.6380000000000001,1.34,1.82,90.0,8.0,4.99
2024-09-11,GREEN,53.89,60.0,6.81,8.24,28.72,2.0,0.97,0.78,57.11,23.37,123.72,5.0,548.33,1.314896,3.11,2.48,53.02,7.782,4.16
2024-09-12,GREEN,45.0,60.0,6.72,13.54,26.25,1.94,1.06,0.85,40.0,15.8,140.62,7.87,491.29,0.9755000000000001,3.84,2.5,39.02,6.402,5.6
2024-09-13,MIXED,45.0,50.92,7.64,12.36,26.73,1.76,1.06,0.8,57.87,24.07,117.65,24.08,592.86,1.478842,4.14,2.02,73.21,8.0,3.63
2024-09-14,GREEN,55.83,60.0,7.1,15.0,25.1,2.0,1.1,0.38,40.56,29.11,130.75,25.59,446.56,0.88825,4.47,2.5,35.53,6.053,5.99
2024-09-15,MIXED,45.0,50.31,7.56,6.96,25.94,1.84,1.41,0.73,44.97,29.59,130.86,16.94,643.52,0.7161839999999999,1.1,2.03,35.28,5.558,6.73
2024-09-16,MIXED,50.85,48.87,6.8,5.62,26.24,1.78,1.45,0.89,56.63,18.68,140.51,25.68,554.75,1.187109,1.77,1.89,62.81,8.0,5.39
2024-09-17,BROWN,51.8,40.0,7.56,5.61,25.99,1.5,0.73,0.78,52.13,15.45,98.54,21.35,310.8,0.9938419999999999,2.6,1.66,59.87,7.647,3.73
2024-09-18,BROWN,45.0,40.24,6.83,5.84,25.34,1.5,0.9,0.94,51.4,15.0,140.08,14.05,564.66,0.455396,4.56,1.48,30.77,4.557,4.31
2024-09-19,BROWN,53.79,40.73,6.71,10.91,28.54,1.5,1.04,0.3,69.03,21.36,109.21,35.53,498.95,0.9569840000000001,5.0,1.61,59.44,7.554,3.46
2024-09-20,BROWN,53.43,40.0,7.54,6.89,25.14,1.51,1.45,0.9,64.14,15.0,121.77,35.85,361.3,0.67715,2.78,1.45,46.7,6.12,5.74
2024-09-21,MIXED,55.76,51.72,7.38,7.23,25.9,1.82,0.96,0.92,60.82,29.96,139.47,30.61,527.81,1.4181899999999998,3.2,2.05,69.18,8.0,5.12
2024-09-22,GREEN,45.0,58.92,7.15,5.46,25.78,1.99,1.23,0.71,51.97,24.35,99.33,39.82,540.62,1.514304,2.92,2.39,63.36,8.0,4.7
2024-09-23,BROWN,49.08,40.0,7.22,13.11,29.49,1.53,1.3,0.41,49.12,18.27,112.54,7.69,622.0,0.53708,3.19,1.45,37.04,5.154,4.44
2024-09-24,GREEN,49.77,60.0,7.56,5.23,27.9,1.99,0.52,0.44,61.13,17.28,126.07,41.52,586.25,1.139782,1.53,2.38,47.89,7.169,5.47
2024-09-25,BROWN,58.2,40.78,7.71,6.02,25.66,1.5,0.95,0.89,68.04,16.64,94.43,13.81,353.19,0.926038,2.22,1.58,58.61,7.441,6.47
2024-09-26,GREEN,50.68,60.0,7.74,11.33,28.83,2.0,1.0,0.55,53.06,19.07,126.66,45.02,391.05,2.302482,2.64,2.73,84.34,8.0,6.56
2024-09-27,BROWN,56.28,41.59,7.37,14.26,27.36,1.5,1.28,0.52,61.83,22.42,101.54,40.78,568.02,0.6716920000000001,3.94,1.49,45.08,5.998,5.91
2024-09-28,GREEN,53.76,59.48,7.02,7.08,28.76,2.0,0.57,0.62,48.96,22.15,148.21,27.42,445.86,1.42884,4.9,2.7,52.92,7.992,5.2
2024-09-29,BROWN,51.67,40.0,7.18,11.79,29.26,1.5,1.33,0.94,57.31,15.55,132.91,11.0,561.71,0.7849799999999999,3.55,1.47,53.4,6.81,4.23
2024-09-30,MIXED,52.64,49.2,7.8,12.87,28.74,1.78,1.01,0.92,49.72,29.75,137.81,8.45,561.29,1.507384,5.0,1.88,80.18,8.0,5.29
2024-10-01,BROWN,47.28,40.65,7.2,10.99,28.98,1.51,1.27,0.31,56.95,16.84,146.81,12.32,501.81,1.368,3.71,1.52,90.0,8.0,6.11
2024-10-02,BROWN,53.03,40.13,7.97,8.46,29.94,1.51,1.06,0.49,64.7,15.87,95.15,8.66,631.89,1.151356,3.06,1.46,78.86,8.0,3.49
2024-10-03,BROWN,50.26,41.4,7.8,12.92,28.99,1.5,1.38,0.57,43.03,15.71,121.51,9.4,506.47,1.1443359999999998,2.39,1.48,77.32,8.0,4.79
2024-10-04,BROWN,45.0,40.0,7.07,7.46,25.95,1.52,1.44,0.77,70.0,28.78,95.04,28.91,330.06,0.597168,1.84,1.56,38.28,5.388,4.58
2024-10-05,GREEN,57.49,59.57,7.01,7.9,29.45,1.99,1.2,0.3,45.81,27.7,109.63,44.06,647.09,1.241944,1.7,2.42,51.32,7.552,4.26
2024-10-06,GREEN,49.18,58.51,6.76,14.2,26.92,1.94,1.3,0.43,63.27,17.46,136.1,11.91,572.68,1.414348,2.39,2.36,59.93,8.0,6.0
2024-10-07,GREEN,57.21,59.62,7.86,13.72,26.66,1.99,1.03,0.43,49.03,27.6,145.22,41.37,587.88,0.959687,4.05,2.63,36.49,6.279,5.63
2024-10-08,BROWN,45.0,40.0,7.19,10.48,28.56,1.5,1.18,0.79,48.98,23.21,149.64,31.29,559.35,0.6868050000000001,4.3,1.55,44.31,5.981,4.1
2024-10-09,MIXED,51.09,50.61,7.75,13.74,25.16,1.82,0.98,0.74,52.65,17.85,111.77,21.75,458.81,0.789976,2.88,1.88,42.02,6.082,5.3
2024-10-10,MIXED,55.78,50.01,6.55,14.3,26.86,1.79,0.84,0.3,51.26,15.91,95.92,28.78,529.24,1.226522,1.0,1.97,62.26,8.0,3.0
2024-10-11,BROWN,52.2,40.1,6.69,11.72,29.29,1.52,1.14,0.71,65.42,26.94,90.0,12.51,620.78,1.0109230000000002,3.23,1.37,73.79,8.0,3.46
2024-10-12,BROWN,49.78,40.0,7.53,15.0,28.58,1.5,0.52,0.43,65.99,15.0,127.5,28.64,448.94,1.036313,1.0,1.51,68.63,8.0,5.09
2024-10-13,GREEN,46.14,59.18,7.47,6.44,25.48,2.0,0.92,0.62,50.25,15.0,139.48,29.69,548.19,0.89582,3.92,2.35,38.12,6.162,3.15
2024-10-14,MIXED,51.75,49.1,6.95,12.13,28.32,1.82,0.69,0.58,51.4,21.26,135.15,48.62,473.15,0.6272639999999999,4.85,1.92,32.67,5.187,4.47
2024-10-15,GREEN,57.82,59.85,6.5,11.52,25.62,2.0,1.09,0.85,60.26,25.43,108.16,27.86,389.06,1.9736639999999996,3.81,2.52,78.32,8.0,4.24
2024-10-16,GREEN,58.26,60.0,7.67,11.2,26.22,1.96,0.5,0.7,62.08,23.75,131.54,11.02,564.62,1.760778,2.6,2.43,72.46,8.0,6.6
2024-10-17,GREEN,45.0,59.93,8.0,9.67,25.61,2.0,1.01,0.39,60.67,26.87,96.56,34.8,636.09,0.9411959999999999,1.15,2.46,38.26,6.286,5.31
2024-10-18,GREEN,49.44,59.81,7.73,7.32,26.06,1.98,0.93,0.58,53.67,20.06,122.37,18.02,348.13,1.6508249999999998,2.68,2.61,63.25,8.0,3.48
2024-10-19,GREEN,45.0,59.25,7.81,14.02,27.29,1.96,1.37,0.31,57.1,20.73,140.78,10.24,580.41,1.8557839999999999,2.3,2.48,74.83,8.0,6.06
2024-10-20,MIXED,54.87,48.18,6.81,5.0,30.0,1.82,0.89,0.82,46.5,25.45,91.49,21.59,484.76,1.3767600000000002,2.3,2.1,65.56,8.0,5.11
2024-10-21,MIXED,45.73,50.74,7.29,9.33,28.06,1.84,1.45,0.98,66.67,25.38,148.07,27.02,540.65,0.79326,2.62,1.95,40.68,6.018,4.57
2024-10-22,GREEN,46.94,60.0,6.85,8.45,26.03,2.0,1.03,0.6,48.0,16.07,147.53,40.2,431.78,1.286064,1.86,2.34,54.96,7.836,3.44
2024-10-23,MIXED,51.29,52.1,6.66,12.49,28.28,1.8,1.42,0.91,60.78,17.04,112.47,46.41,308.98,1.187538,4.71,2.09,56.82,7.772,5.25
2024-10-24,MIXED,51.87,51.33,7.27,10.04,27.14,1.79,0.55,0.67,42.2,15.45,127.08,31.28,502.88,0.6407600000000001,2.3,1.93,33.2,5.25,6.14
2024-10-25,GREEN,45.0,59.43,6.9,8.55,27.85,2.0,0.69,0.88,49.16,24.56,90.79,8.46,559.88,1.548321,2.22,2.37,65.33,8.0,6.98
2024-10-26,MIXED,50.08,48.15,6.77,6.01,29.41,1.77,1.01,0.3,46.42,22.32,117.76,38.88,370.16,1.77407,1.29,2.05,86.54,8.0,4.82
2024-10-27,BROWN,55.35,40.67,6.93,9.81,27.6,1.52,1.44,0.53,50.72,26.15,111.7,12.83,574.9,1.087578,4.75,1.42,76.59,8.0,5.48
2024-10-28,BROWN,58.15,41.1,7.0,9.48,25.66,1.5,1.15,0.35,54.4,28.16,150.0,43.45,434.98,1.300365,3.8,1.65,78.81,8.0,5.18
2024-10-29,MIXED,45.0,52.34,7.11,8.94,26.84,1.81,0.63,0.8,45.07,29.51,143.84,40.9,483.36,1.618925,3.05,2.03,79.75,8.0,5.52
2024-10-30,GREEN,45.0,60.0,7.59,15.0,27.13,2.0,1.03,1.0,68.26,15.0,98.86,11.67,474.65,2.050272,2.6,2.52,81.36,8.0,6.96
2024-10-31,MIXED,45.0,50.18,8.0,13.66,25.9,1.79,0.72,0.44,43.25,23.89,148.38,31.13,399.69,1.6965640000000002,4.31,1.97,86.12,8.0,6.44
2024-11-01,MIXED,45.0,49.07,7.35,6.85,26.0,1.84,0.5,0.42,69.55,30.01,119.67,18.78,553.98,0.6696559999999999,2.11,1.88,35.62,5.442,3.82
2024-11-02,BROWN,54.16,41.83,7.2,9.86,29.59,1.5,0.58,0.41,55.71,22.32,90.64,33.02,381.46,1.225224,1.88,1.56,78.54,8.0,3.02
2024-11-03,MIXED,45.0,50.71,7.37,11.87,29.88,1.82,0.86,0.67,51.46,17.45,97.48,35.98,366.95,1.134644,1.24,1.96,57.89,7.749,3.61
2024-11-04,GREEN,46.54,59.91,6.5,13.56,26.56,2.0,1.23,0.84,66.09,16.69,120.15,49.06,650.0,1.35044,2.36,2.6,51.94,7.7940000000000005,7.0
2024-11-05,GREEN,58.03,59.2,7.08,5.41,26.02,1.96,1.38,0.73,57.81,23.39,101.12,20.17,499.22,2.138624,4.67,2.56,83.54,8.0,5.3
2024-11-06,GREEN,45.0,59.85,7.27,12.81,28.39,2.0,0.74,0.45,64.55,17.77,108.25,28.6,613.33,1.8840000000000001,3.17,2.5,75.36,8.0,6.94
2024-11-07,BROWN,45.0,40.0,6.67,13.26,26.71,1.5,1.09,0.64,43.37,29.62,111.01,22.18,344.15,1.032675,3.54,1.47,70.25,8.0,3.88
2024-11-08,BROWN,51.4,41.35,7.96,9.05,26.25,1.5,0.83,0.35,65.62,30.49,117.11,19.5,639.99,1.253252,1.96,1.82,68.86,8.0,4.22
2024-11-09,BROWN,48.53,40.0,7.89,8.16,28.08,1.5,0.61,0.35,42.06,15.0,114.69,25.57,382.6,1.309948,1.94,1.48,88.51,8.0,4.65
2024-11-10,GREEN,56.06,59.91,6.67,10.18,25.0,1.95,1.22,0.6,59.17,16.96,96.09,17.92,373.01,2.251824,2.42,2.58,87.28,8.0,6.02
2024-11-11,MIXED,49.55,50.41,6.84,5.0,27.59,1.79,1.43,0.94,46.62,18.02,109.8,36.35,485.2,0.76838,3.11,2.06,37.3,5.789999999999999,5.31
2024-11-12,MIXED,56.21,49.51,6.76,5.0,27.67,1.82,1.38,0.56,55.65,16.41,103.25,39.33,533.12,1.5914000000000001,1.85,2.18,73.0,8.0,4.21
2024-11-13,MIXED,53.12,49.37,7.18,13.85,26.77,1.83,0.58,0.33,45.67,25.24,110.36,5.0,301.37,0.794352,3.75,2.01,39.52,5.962,3.0
2024-11-14,BROWN,56.56,40.0,6.65,9.86,28.37,1.5,0.65,0.49,59.8,15.56,135.66,7.6,334.31,1.2756599999999998,5.0,1.71,74.6,8.0,5.25
2024-11-15,MIXED,45.02,50.54,6.83,14.88,28.35,1.84,0.97,0.93,42.13,18.14,133.38,39.23,330.2,0.8345639999999999,4.82,2.04,40.91,6.130999999999999,4.07
2024-11-16,MIXED,54.68,49.86,7.91,6.9,29.51,1.83,1.01,0.98,53.64,23.73,138.52,31.59,377.01,0.8004640000000001,4.93,1.96,40.84,6.0440000000000005,3.25
2024-11-17,BROWN,54.63,40.78,8.0,8.28,27.7,1.51,1.35,0.45,45.0,19.65,136.68,46.95,376.64,0.86655,1.61,1.59,54.5,7.04,4.61
2024-11-18,MIXED,52.5,51.45,6.86,7.47,25.68,1.78,1.32,0.4,69.48,19.7,100.68,41.16,510.34,0.838782,2.36,1.89,44.38,6.328,6.8
2024-11-19,GREEN,57.4,60.0,6.5,5.0,29.28,1.99,0.8,0.7,50.55,30.71,113.8,9.76,600.9,1.9723439999999999,2.01,2.48,79.53,8.0,3.09
2024-11-20,GREEN,52.02,60.0,6.86,5.0,26.91,2.0,0.97,0.88,44.99,20.41,90.0,16.04,648.22,2.2458880000000003,1.06,2.56,87.73,8.0,5.66
2024-11-21,BROWN,50.83,40.13,7.34,10.7,28.45,1.53,1.0,0.4,68.24,26.69,110.22,34.05,556.78,1.1452769999999999,2.02,1.47,77.91,8.0,3.55
2024-11-22,MIXED,57.58,50.34,7.28,12.88,25.42,1.81,1.39,0.81,47.52,16.93,114.54,7.79,450.25,0.7349249999999999,3.4,2.05,35.85,5.635,3.23
2024-11-23,BROWN,46.65,40.0,6.5,6.61,25.85,1.51,0.51,0.51,58.86,21.1,94.61,43.31,325.48,0.7642950000000001,2.72,1.45,52.71,6.721,5.08
2024-11-24,GREEN,56.58,60.0,7.91,12.52,27.26,2.0,1.47,0.61,58.1,26.98,141.69,37.78,419.95,0.919908,3.78,2.53,36.36,6.166,6.7
2024-11-25,BROWN,48.13,40.0,7.53,7.45,29.21,1.5,1.4,0.87,58.38,18.48,131.29,39.28,496.98,0.664872,1.07,1.56,42.62,5.821999999999999,6.13
2024-11-26,BROWN,45.0,40.33,7.77,8.19,26.53,1.51,1.32,0.44,64.47,21.4,142.27,5.0,575.41,0.46966500000000005,2.33,1.35,34.79,4.829000000000001,5.86
2024-11-27,GREEN,53.6,60.0,6.68,14.87,25.73,1.96,0.99,0.42,41.92,15.0,107.42,49.97,469.4,1.62825,2.04,2.5,65.13,8.0,5.83
2024-11-28,MIXED,45.0,49.39,7.61,15.0,25.34,1.84,1.31,0.35,48.79,28.82,91.06,15.12,312.26,0.9476,3.49,2.0,47.38,6.738,3.57
2024-11-29,BROWN,57.91,40.0,7.0,6.96,27.39,1.5,1.06,0.73,45.0,25.25,144.18,19.51,333.73,1.061203,2.51,1.43,74.21,8.0,5.14
2024-11-30,BROWN,47.55,41.58,7.07,12.59,27.86,1.5,1.02,0.38,66.35,17.95,113.99,19.99,439.25,0.8820239999999999,1.0,1.56,56.54,7.214,5.23
2024-12-01,GREEN,45.0,60.0,6.64,7.17,25.4,1.98,1.14,0.77,70.0,15.06,148.18,27.18,556.73,2.2983659999999997,4.86,2.59,88.74,8.0,6.15
2024-12-02,MIXED,45.0,60.0,7.0,7.15,25.63,1.83,0.73,0.92,70.0,15.37,108.45,11.83,514.19,0.588071,4.19,1.93,30.47,4.976999999999999,6.58
2024-12-03,GREEN,45.0,60.0,7.11,7.78,27.51,2.0,1.44,0.56,70.0,20.75,96.7,18.78,585.83,0.7593910000000001,1.17,2.41,31.51,5.561,5.71
2024-12-04,MIXED,45.0,60.0,7.59,9.05,27.82,1.81,1.46,0.8,70.0,15.0,122.95,13.58,571.86,1.39,3.67,2.0,69.5,8.0,3.4
2024-12-05,GREEN,45.0,60.0,7.89,11.38,26.1,1.97,1.21,0.96,70.0,15.0,146.37,24.27,446.89,1.745124,1.81,2.46,70.94,8.0,3.58
2024-12-06,BROWN,45.0,50.62,7.25,9.54,25.54,1.5,0.62,0.47,57.19,15.0,119.21,5.41,552.08,0.615783,4.81,1.47,41.89,5.659,4.16
2024-12-07,MIXED,45.0,60.0,7.01,15.0,25.43,1.8,0.77,0.92,58.49,21.69,150.0,30.68,631.12,0.9940300000000001,4.83,2.14,46.45,6.785,6.16
2024-12-08,MIXED,45.0,60.0,6.73,12.14,25.66,1.77,1.18,0.44,70.0,15.0,140.53,15.23,436.23,0.731,4.34,2.0,36.55,5.654999999999999,5.32
2024-12-09,BROWN,45.0,53.15,6.64,7.46,26.6,1.51,0.79,0.45,70.0,16.36,131.69,50.0,382.32,0.8137820000000001,2.98,1.34,60.73,7.412999999999999,4.48
2024-12-10,BROWN,45.0,51.01,6.8,5.7,27.83,1.5,0.6,0.39,70.0,16.69,100.44,7.2,541.27,0.672378,2.16,1.47,45.74,6.044,5.91
2024-12-11,BROWN,45.0,50.93,6.67,7.56,28.48,1.53,1.43,0.92,68.04,16.02,143.56,13.23,614.54,1.3601250000000003,4.8,1.55,87.75,8.0,3.0
2024-12-12,GREEN,45.0,60.0,6.62,11.06,29.75,1.94,1.07,0.77,54.06,21.5,119.87,16.65,554.11,1.0652840000000001,4.68,2.42,44.02,6.822,6.67
2024-12-13,MIXED,45.0,60.0,7.65,5.77,25.07,1.79,0.74,0.35,57.06,15.66,111.42,12.53,381.92,1.89,1.63,2.1,90.0,8.0,5.92
2024-12-14,GREEN,45.0,60.0,7.34,11.19,29.0,2.0,0.54,0.74,70.0,17.77,96.72,32.76,470.23,1.0462259999999999,4.18,2.54,41.19,6.659,6.05
2024-12-15,BROWN,45.0,51.68,7.71,5.47,29.85,1.5,1.48,0.49,69.9,23.46,108.48,13.67,521.05,1.1406979999999998,4.77,1.46,78.13,8.0,3.1
2024-12-16,BROWN,45.0,53.86,6.61,5.88,28.65,1.5,0.73,0.68,52.12,16.18,145.94,11.26,625.47,0.49328000000000005,3.91,1.6,30.83,4.683,3.8
2024-12-17,BROWN,45.0,51.47,6.51,5.39,26.82,1.5,0.71,1.0,70.0,18.85,119.32,32.64,643.74,1.043784,4.51,1.68,62.13,7.893,5.89
2024-12-18,MIXED,45.0,60.0,7.68,12.35,28.96,1.82,0.89,0.37,70.0,19.1,110.36,10.2,369.73,1.5353139999999996,2.79,2.09,73.46,8.0,4.38
2024-12-19,MIXED,45.79,60.0,7.36,5.0,27.62,1.8,0.58,0.79,69.83,15.0,136.44,33.12,603.09,1.2368949999999999,1.0,2.15,57.53,7.9030000000000005,7.0
2024-12-20,MIXED,45.0,60.0,6.91,10.32,28.41,1.8,1.24,0.83,70.0,20.89,124.03,27.64,650.0,0.7912319999999999,5.0,1.92,41.21,6.041,3.84
2024-12-21,GREEN,45.0,60.0,6.53,10.54,29.11,2.0,0.65,0.55,59.42,23.22,106.73,14.41,470.92,1.24525,1.97,2.5,49.81,7.481,4.26
2024-12-22,MIXED,45.0,60.0,7.64,11.56,25.9,1.82,1.32,0.95,70.0,18.71,119.98,37.55,622.66,1.6158099999999995,4.22,2.05,78.82,8.0,3.94
2024-12-23,MIXED,45.0,60.0,7.37,5.24,25.44,1.84,1.12,0.75,66.45,24.65,141.1,41.82,446.84,0.843165,3.82,2.05,41.13,6.163,5.02
2024-12-24,BROWN,45.0,51.93,8.0,9.35,26.01,1.53,0.88,0.35,57.46,22.94,90.0,27.34,524.99,1.310357,3.76,1.63,80.39,8.0,3.46
2024-12-25,BROWN,45.0,51.22,7.44,13.14,28.76,1.5,0.89,0.61,70.0,24.1,93.5,11.48,337.53,0.9699,3.76,1.5,64.66,7.965999999999999,5.67
2024-12-26,MIXED,45.0,60.0,7.54,8.99,27.56,1.78,0.76,0.53,66.49,15.0,138.12,47.03,424.52,1.3632,1.0,2.0,68.16,8.0,4.33
2024-12-27,MIXED,46.8,60.0,7.84,6.01,26.27,1.81,0.98,0.68,55.2,15.01,150.0,30.44,650.0,1.1916120000000001,2.64,1.99,59.88,7.978000000000001,3.0
2024-12-28,BROWN,45.0,53.94,7.24,12.08,29.61,1.51,0.72,0.31,70.0,21.81,118.89,39.47,545.1,0.6871539999999999,1.0,1.69,40.66,5.756,3.62
2024-12-29,GREEN,45.0,60.0,7.26,13.03,29.66,2.0,0.98,0.63,63.33,17.12,108.04,27.12,650.0,2.253435,4.41,2.55,88.37,8.0,5.87
2024-12-30,MIXED,45.0,60.0,7.56,10.59,26.93,1.82,0.82,0.76,69.76,16.87,133.34,44.06,573.99,0.92739,2.44,1.9,48.81,6.781000000000001,4.08
2024-12-31,BROWN,45.0,52.46,7.18,10.2,25.16,1.5,1.47,0.54,70.0,20.07,93.12,47.91,384.0,1.3186429999999998,1.44,1.57,83.99,8.0,7.0
2025-01-01,GREEN,45.0,60.0,7.16,13.43,25.11,1.97,0.59,0.93,70.0,17.84,123.65,24.09,566.98,1.4328,2.48,2.4,59.7,8.0,4.36
2025-01-02,MIXED,45.0,60.0,7.5,7.16,27.92,1.8,0.64,0.99,70.0,18.08,94.26,19.29,535.08,1.186,3.85,2.0,59.3,7.93,5.72
2025-01-03,BROWN,45.0,53.16,6.76,13.0,25.19,1.53,0.7,0.56,70.0,21.83,136.07,19.87,610.83,0.525782,2.28,1.51,34.82,4.992,6.44
2025-01-04,GREEN,45.0,60.0,7.42,12.29,27.5,1.98,1.22,0.44,65.88,15.0,143.9,29.67,370.24,0.7709999999999999,3.25,2.57,30.0,5.57,5.83
2025-01-05,GREEN,45.0,60.0,7.11,9.39,28.92,1.99,0.91,0.73,70.0,21.05,140.25,28.99,442.87,1.231968,2.05,2.46,50.08,7.468,3.65
2025-01-06,BROWN,45.0,51.83,7.59,14.3,25.57,1.5,0.95,0.83,70.0,15.0,102.85,39.89,477.61,1.2087,2.75,1.5,80.58,8.0,5.35
2025-01-07,BROWN,45.0,52.6,7.66,12.94,27.03,1.5,1.12,0.74,70.0,17.56,109.86,43.46,477.96,1.0513800000000002,2.68,1.32,79.65,8.0,6.15
2025-01-08,BROWN,45.0,51.13,7.21,12.5,26.48,1.5,0.55,0.88,57.45,15.4,120.75,27.36,358.65,0.9330379999999999,1.11,1.49,62.62,7.752,5.09
2025-01-09,GREEN,45.0,60.0,7.07,5.0,26.78,1.98,1.35,0.86,70.0,15.0,92.37,16.59,346.7,1.7228819999999998,4.83,2.66,64.77,8.0,6.05
2025-01-10,MIXED,45.0,60.0,7.2,14.24,27.28,1.75,1.34,0.77,70.0,17.7,148.18,41.42,500.07,0.638394,2.42,2.06,30.99,5.159,4.9
2025-01-11,BROWN,45.0,52.56,7.53,13.86,27.59,1.5,0.85,0.68,70.0,23.67,130.28,40.35,478.87,0.8678480000000001,3.11,1.66,52.28,6.888,6.79
2025-01-12,GREEN,45.0,60.0,7.52,5.58,26.83,2.0,1.39,0.72,66.36,15.0,115.95,38.42,429.89,1.6983889999999997,3.74,2.53,67.13,8.0,4.88
2025-01-13,BROWN,45.0,51.26,7.82,7.05,28.78,1.5,0.62,0.83,56.9,15.0,145.26,40.47,423.2,0.56141,2.44,1.55,36.22,5.172,3.37
2025-01-14,MIXED,45.0,60.0,7.83,6.94,29.29,1.79,1.44,0.78,57.27,19.26,126.51,46.98,346.14,0.9368000000000001,2.45,2.0,46.84,6.684,4.78
2025-01-15,BROWN,45.0,52.03,6.67,10.78,25.8,1.5,0.83,0.72,66.56,16.06,129.52,46.58,339.66,0.829616,4.04,1.52,54.58,6.978,3.57
2025-01-16,BROWN,45.0,51.11,7.93,12.26,29.24,1.53,1.33,0.45,53.35,21.11,110.93,36.77,650.0,1.424828,4.77,1.73,82.36,8.0,4.19
2025-01-17,GREEN,45.0,60.0,7.44,13.06,27.71,2.0,1.49,0.44,55.12,24.19,90.64,44.7,434.36,1.452995,4.16,2.65,54.83,8.0,5.99
2025-01-18,MIXED,45.0,60.0,7.5,7.25,27.58,1.79,1.35,0.88,70.0,15.0,118.57,38.22,321.13,1.64632,1.1,2.08,79.15,8.0,5.95
2025-01-19,BROWN,45.0,52.76,7.15,10.7,29.12,1.5,1.12,0.32,70.0,15.0,115.15,27.16,357.0,1.4415719999999999,2.53,1.63,88.44,8.0,5.99
2025-01-20,BROWN,45.0,50.41,6.94,10.96,28.95,1.54,1.02,0.36,63.97,16.59,134.75,36.84,522.77,1.04632,4.44,1.64,63.8,8.0,5.9
2025-01-21,GREEN,45.0,60.0,7.39,10.6,28.24,2.0,1.06,0.57,70.0,15.0,133.84,31.47,500.82,2.0779039999999998,4.02,2.44,85.16,8.0,3.97
2025-01-22,BROWN,45.0,53.72,6.9,13.26,26.37,1.5,0.57,0.73,70.0,15.0,142.54,43.7,476.15,0.58785,2.03,1.5,39.19,5.419,3.97
2025-01-23,BROWN,45.0,51.69,7.86,12.35,29.04,1.5,0.87,0.38,55.16,15.0,121.74,14.82,391.19,0.812268,3.06,1.38,58.86,7.266,6.34
2025-01-24,BROWN,45.0,50.21,7.76,10.43,25.84,1.5,0.57,0.89,70.0,15.0,125.29,13.81,436.39,1.1951939999999999,1.89,1.43,83.58,8.0,3.0
2025-01-25,GREEN,45.0,60.0,7.99,8.77,28.53,2.0,1.05,0.34,56.99,15.0,117.76,41.42,603.09,1.190656,3.02,2.56,46.51,7.211,3.25
2025-01-26,BROWN,45.0,51.33,7.19,13.33,28.51,1.5,0.7,0.87,70.0,22.75,142.13,47.36,352.47,0.929115,4.72,1.65,56.31,7.281000000000001,7.0
2025-01-27,GREEN,45.0,60.0,7.66,5.0,26.59,2.0,0.98,0.76,70.0,18.45,99.05,27.06,442.21,0.8489249999999999,2.03,2.45,34.65,5.915,6.95
2025-01-28,BROWN,45.0,52.22,7.14,6.66,26.36,1.51,1.03,0.5,70.0,17.04,120.57,30.72,564.42,1.0200600000000002,3.04,1.35,75.56,8.0,3.0
2025-01-29,BROWN,45.0,54.26,6.5,6.89,29.78,1.51,1.31,1.0,70.0,15.5,100.78,28.07,514.81,0.8002549999999999,2.44,1.45,55.19,6.969,6.42
2025-01-30,BROWN,45.0,53.37,7.1,8.0,29.87,1.5,1.21,0.59,51.43,17.87,90.0,27.54,445.88,1.182864,4.45,1.52,77.82,8.0,6.26
2025-01-31,GREEN,45.0,60.0,7.64,12.3,27.94,2.0,1.26,0.8,70.0,15.74,125.92,47.75,616.41,1.098285,2.97,2.55,43.07,6.857,3.11
2025-02-01,BROWN,45.0,50.98,7.29,10.25,29.78,1.5,0.75,0.3,63.39,20.96,96.45,9.61,391.94,1.14608,3.1,1.52,75.4,8.0,6.44
2025-02-02,BROWN,45.0,50.96,7.39,12.61,28.72,1.53,0.76,0.65,70.0,18.98,116.78,40.03,362.51,0.5921579999999999,3.66,1.38,42.91,5.670999999999999,3.18
2025-02-03,MIXED,45.0,60.0,7.31,10.8,27.54,1.78,0.61,0.42,59.52,15.0,100.7,21.16,523.76,1.439628,1.96,2.04,70.57,8.0,6.51
2025-02-04,BROWN,45.0,52.34,7.3,10.56,29.76,1.5,1.23,0.51,70.0,16.42,94.05,21.5,386.92,0.803876,3.38,1.46,55.06,6.966,4.59
2025-02-05,MIXED,45.0,60.0,7.77,5.65,30.0,1.79,1.27,0.91,70.0,17.13,150.0,31.25,606.8,0.546,1.86,1.82,30.0,4.82,6.13
2025-02-06,MIXED,45.0,60.0,7.04,14.45,25.27,1.78,1.2,0.67,68.27,21.83,116.18,21.2,544.94,1.4789679999999998,3.3,1.99,74.32,8.0,6.05
2025-02-07,MIXED,45.87,60.0,7.95,9.91,28.41,1.81,0.5,0.78,70.0,17.3,130.1,21.71,327.32,1.373736,2.5,2.22,61.88,8.0,5.88
2025-02-08,BROWN,45.0,52.54,7.02,7.34,26.64,1.53,0.57,0.9,66.79,24.9,115.34,36.12,345.46,0.8726400000000001,1.46,1.6,54.54,7.054,3.26
2025-02-09,BROWN,45.0,51.01,7.01,5.83,25.05,1.51,0.76,0.78,63.06,15.0,125.31,36.69,359.29,0.7753909999999999,1.75,1.63,47.57,6.387,5.0
2025-02-10,BROWN,45.0,53.09,7.9,10.1,28.56,1.5,0.86,0.89,70.0,22.14,130.26,32.6,523.59,0.9808,3.34,1.6,61.3,7.73,4.56
2025-02-11,BROWN,45.0,53.38,7.61,14.37,29.0,1.5,0.98,0.61,70.0,15.0,125.91,28.78,528.42,1.1680199999999998,3.69,1.62,72.1,8.0,5.98
2025-02-12,MIXED,45.0,60.0,6.83,8.89,26.85,1.78,1.0,0.91,55.11,16.55,115.53,31.18,300.0,1.1738299999999997,2.21,2.05,57.26,7.776,3.54
2025-02-13,MIXED,45.0,60.0,6.82,13.96,29.7,1.78,1.19,0.88,70.0,15.0,130.06,40.87,392.36,1.240765,2.86,1.99,62.35,8.0,6.11
2025-02-14,GREEN,45.0,60.0,7.43,11.31,29.9,2.0,0.79,0.31,70.0,17.0,126.2,6.22,452.16,1.3995840000000002,1.92,2.39,58.56,8.0,6.18
2025-02-15,GREEN,45.0,60.0,6.85,5.0,28.63,1.99,1.19,0.39,68.65,15.0,128.39,33.26,527.39,1.17861,4.03,2.55,46.22,7.172,5.31
2025-02-16,GREEN,45.0,60.0,6.84,8.12,27.41,1.96,1.07,0.87,60.24,15.4,90.0,25.21,571.47,1.9348560000000001,1.77,2.52,76.78,8.0,3.92
2025-02-17,BROWN,45.0,52.02,8.0,13.16,25.74,1.54,0.97,0.56,70.0,23.83,124.11,12.52,409.03,0.919876,3.78,1.42,64.78,7.898,6.94
2025-02-18,MIXED,46.11,60.0,8.0,6.92,27.51,1.8,1.03,1.0,70.0,22.04,107.91,15.5,620.8,1.23253,2.71,1.9,64.87,8.0,6.32
2025-02-19,GREEN,45.0,60.0,6.66,14.19,28.62,2.0,1.19,0.52,61.88,15.0,117.94,48.73,420.4,1.83,4.44,2.5,73.2,8.0,4.48
2025-02-20,GREEN,45.0,60.0,7.15,6.37,29.02,1.98,0.63,0.58,70.0,20.51,136.07,39.32,410.03,1.188547,2.91,2.39,49.73,7.3629999999999995,4.6
2025-02-21,BROWN,45.0,51.98,7.78,8.39,25.0,1.5,0.8,0.76,70.0,15.0,96.69,49.95,318.28,1.1085120000000002,4.24,1.44,76.98,8.0,3.72
2025-02-22,MIXED,45.0,60.0,6.5,9.52,25.84,1.81,1.31,0.89,70.0,15.25,107.42,13.64,390.7,1.4232809999999998,1.04,2.01,70.81,8.0,4.76
2025-02-23,BROWN,45.0,50.61,7.72,5.0,26.83,1.5,0.89,0.5,55.54,18.89,90.6,50.0,318.77,0.578428,4.02,1.64,35.27,5.167,5.22
2025-02-24,MIXED,45.0,60.0,6.67,12.87,29.86,1.77,1.39,0.3,54.58,16.03,98.73,45.25,419.32,1.7903040000000001,4.65,2.04,87.76,8.0,6.3
2025-02-25,MIXED,45.0,60.0,7.82,5.45,27.31,1.81,0.61,0.82,68.82,23.74,146.48,37.09,447.0,0.8798,4.51,2.0,43.99,6.399,3.0
2025-02-26,GREEN,45.0,60.0,6.94,8.95,27.73,2.0,1.5,0.46,69.28,21.67,98.22,12.96,431.18,1.141413,1.88,2.59,44.07,6.997,4.43
2025-02-27,MIXED,45.0,60.0,6.57,9.82,27.55,1.81,0.77,0.86,55.4,20.14,108.64,33.61,545.81,1.154664,2.24,2.03,56.88,7.718,6.25
2025-02-28,GREEN,45.0,60.0,7.43,5.0,27.66,1.99,0.73,0.44,62.87,17.77,137.72,42.59,323.15,1.9066159999999999,4.3,2.44,78.14,8.0,6.86
2025-03-01,BROWN,57.01,43.17,8.0,11.78,25.62,1.51,1.16,0.83,50.77,34.79,142.7,11.09,507.3,1.11273,2.18,1.45,76.74,8.0,3.96
2025-03-02,GREEN,56.04,60.0,7.74,11.82,27.11,2.0,1.05,0.99,52.67,31.22,142.05,38.3,432.01,1.3130000000000002,2.96,2.5,52.52,7.752000000000001,5.93
2025-03-03,GREEN,58.53,60.0,6.99,6.35,29.47,2.0,1.02,0.5,55.05,29.55,143.07,6.45,563.18,2.377008,2.51,2.72,87.39,8.0,6.65
2025-03-04,GREEN,65.0,60.0,7.63,12.79,25.38,1.98,1.49,0.91,70.0,26.24,107.45,50.0,367.1,1.193128,2.6,2.48,48.11,7.291,5.65
2025-03-05,MIXED,56.44,54.32,7.29,11.32,28.23,1.82,1.27,0.62,67.82,29.26,103.29,50.0,554.59,1.34823,3.38,1.95,69.14,8.0,4.03
2025-03-06,BROWN,65.0,44.45,7.54,8.13,29.58,1.5,1.1,0.78,53.07,18.06,90.0,25.02,479.35,0.45591000000000004,2.01,1.3,35.07,4.807,6.62
2025-03-07,MIXED,63.4,56.34,7.4,6.56,26.69,1.83,0.5,0.68,49.11,23.08,112.52,12.77,488.85,1.4622929999999998,3.89,1.89,77.37,8.0,6.4
2025-03-08,GREEN,61.6,60.0,7.19,8.58,28.39,2.0,1.17,0.47,61.05,27.53,127.38,41.88,320.88,0.75625,5.0,2.42,31.25,5.545,3.62
2025-03-09,MIXED,65.0,55.27,6.88,9.51,26.79,1.81,0.81,0.46,66.3,35.0,94.72,31.31,636.64,1.029888,3.28,1.92,53.64,7.284,4.9
2025-03-10,BROWN,65.0,44.93,7.77,10.67,28.95,1.5,0.66,1.0,54.97,21.06,115.54,16.07,475.9,1.2700660000000001,2.11,1.66,76.51,8.0,5.33
